#,Player,Country,Team,Assists
1,David Silva,Spain, Manchester City,17
2,Antonio Valencia,Ecuador, Manchester United,14
3,Mata,Spain, Chelsea FC,13
4,Emmanuel Adebayor,Togo, Tottenham Hotspur,12
5,Gareth Bale,Wales, Tottenham Hotspur,11
,Alex Song,Cameroon, Arsenal FC,11
7,Kun Agüero,Argentina, Manchester City,10
,Nani,Portugal, Manchester United,10
,Robin van Persie,Netherlands, Arsenal FC,10
,Theo Walcott,England, Arsenal FC,10
11,Samir Nasri,France, Arsenal FC,9
,,, Manchester City,
,Stéphane Sessègnon,Benin, Sunderland AFC,9
,Ashley Young,England, Manchester United,9
14,Kevin Doyle,Ireland, Wolverhampton Wanderers,8
,Matthew Etherington,England, Stoke City,8
,Ryan Giggs,Wales, Manchester United,8
,Wes Hoolahan,Ireland, Norwich City,8
,Yaya Touré,Ivory Coast, Manchester City,8
19,Gabriel Agbonlahor,England, Aston Villa,7
,Hatem Ben Arfa,France, Newcastle United,7
,Chris Brunt,Northern Ireland, West Bromwich Albion,7
,Yohan Cabaye,France, Newcastle United,7
,Chris Eagles,England, Bolton Wanderers,7
,Wayne Routledge,England, Swansea City,7
,Bobby Zamora,England, Fulham FC,7
,,, Queens Park Rangers,
26,Charlie Adam,Scotland, Liverpool FC,6
,Ashley Cole,England, Chelsea FC,6
,Clint Dempsey,USA, Fulham FC,6
,Patrice Evra,France, Manchester United,6
,Fernando Torres,Spain, Chelsea FC,6
,Gervinho,Ivory Coast, Arsenal FC,6
,Aaron Lennon,England, Tottenham Hotspur,6
,Danny Murphy,England, Fulham FC,6
,David N'Gog,France, Bolton Wanderers,6
,,, Liverpool FC,
,Jermaine Pennant,England, Stoke City,6
,Steven Pienaar,South Africa, Everton FC,6
,,, Tottenham Hotspur,
,Aaron Ramsey,Wales, Arsenal FC,6
,Micah Richards,England, Manchester City,6
,Hugo Rodallega,Colombia, Wigan Athletic,6
,Rafael van der Vaart,Netherlands, Tottenham Hotspur,6
,Jon Walters,Ireland, Stoke City,6
42,Shola Ameobi,Nigeria, Newcastle United,5
,Benoît Assou-Ekotto,Cameroon, Tottenham Hotspur,5
,Jean Beausejour,Chile, Wigan Athletic,5
,Peter Crouch,England, Stoke City,5
,,, Tottenham Hotspur,
,Royston Drenthe,Netherlands, Everton FC,5
,Edin Džeko,Bosnia-Herzegovina, Manchester City,5
,Marouane Fellaini,Belgium, Everton FC,5
,Mark Gower,England, Swansea City,5
,Junior Hoilett,Canada, Blackburn Rovers,5
,Matthew Jarvis,England, Wolverhampton Wanderers,5
,Adam Johnson,England, Manchester City,5
,Bradley Johnson,England, Norwich City,5
,Aleksandar Kolarov,Serbia, Manchester City,5
,Frank Lampard,England, Chelsea FC,5
,James Morrison,Scotland, West Bromwich Albion,5
,Victor Moses,Nigeria, Wigan Athletic,5
,Charles N'Zogbia,France, Aston Villa,5
,Steven N'Zonzi,France, Blackburn Rovers,5
,Morten Gamst Pedersen,Norway, Blackburn Rovers,5
,Martin Petrov,Bulgaria, Bolton Wanderers,5
,Wayne Rooney,England, Manchester United,5
,Scott Sinclair,England, Swansea City,5
,Luis Suárez,Uruguay, Liverpool FC,5
,Danny Welbeck,England, Manchester United,5
66,Craig Bellamy,Wales, Liverpool FC,4
,Elliott Bennett,Jamaica, Norwich City,4
,Michael Carrick,England, Manchester United,4
,Gaël Clichy,France, Manchester City,4
,Damien Duff,Ireland, Fulham FC,4
,Jonás Gutiérrez,Argentina, Newcastle United,4
,Tony Hibbert,England, Everton FC,4
,Andy Johnson,England, Fulham FC,4
,Ivan Klasnić,Croatia, Bolton Wanderers,4
,James Milner,England, Manchester City,4
,Luka Modrić,Croatia, Tottenham Hotspur,4
,Steve Morison,Wales, Norwich City,4
,Youssuf Mulumbu,Congo DR, West Bromwich Albion,4
,Gabriel Obertan,France, Newcastle United,4
,Peter Odemwingie,Nigeria, West Bromwich Albion,4
,Rafael,Brazil, Manchester United,4
,John Arne Riise,Norway, Fulham FC,4
,Tomáš Rosický,Czech Republic, Arsenal FC,4
,Bryan Ruiz,Costa Rica, Fulham FC,4
,Christopher Samba,Congo, Blackburn Rovers,4
,Ryan Taylor,England, Newcastle United,4
87,Daniel Agger,Denmark, Liverpool FC,3
,Joe Allen,Wales, Swansea City,3
,Àngel Rangel,Spain, Swansea City,3
,Andrey Arshavin,Russia, Arsenal FC,3
,Barry Bannan,Scotland, Aston Villa,3
,Gareth Barry,England, Manchester City,3
,Joey Barton,England, Newcastle United,3
,,, Queens Park Rangers,
,Nicklas Bendtner,Denmark, Arsenal FC,3
,,, Sunderland AFC,
,Leon Best,Ireland, Newcastle United,3
,Tim Cahill,Australia, Everton FC,3
,Andy Carroll,England, Liverpool FC,3
,Mark Davies,England, Bolton Wanderers,3
,Landon Donovan,USA, Everton FC,3
,Nathan Dyer,England, Swansea City,3
,Sylvain Ebanks-Blake,England, Wolverhampton Wanderers,3
,Jonny Evans,Northern Ireland, Manchester United,3
,Danny Graham,England, Swansea City,3
,Stephen Ireland,Ireland, Aston Villa,3
,Simeon Jackson,Canada, Norwich City,3
,Roger Johnson,England, Wolverhampton Wanderers,3
,Jamie Mackie,Scotland, Queens Park Rangers,3
,Florent Malouda,French Guyana, Chelsea FC,3
,James McClean,Ireland, Sunderland AFC,3
,Jamie O'Hara,England, Wolverhampton Wanderers,3
,Martin Olsson,Sweden, Blackburn Rovers,3
,Leon Osman,England, Everton FC,3
,Ji-Sung Park,South Korea, Manchester United,3
,Stilian Petrov,Bulgaria, Aston Villa,3
,Raúl Meireles,Portugal, Chelsea FC,3
,,, Liverpool FC,
,Kieran Richardson,England, Sunderland AFC,3
,Gylfi Sigurðsson,Iceland, Swansea City,3
,Daniel Sturridge,England, Chelsea FC,3
,Carlos Tévez,Argentina, Manchester City,3
,Marc Tierney,England, Norwich City,3
,Cheick Tioté,Ivory Coast, Newcastle United,3
,Armand Traoré,Senegal, Arsenal FC,3
,,, Queens Park Rangers,
,Ben Watson,England, Wigan Athletic,3
,Ashley Williams,Wales, Swansea City,3
,Shaun Wright-Phillips,England, Queens Park Rangers,3
126,Marc Albrighton,England, Aston Villa,2
,Yakubu Ayegbeni,Nigeria, Blackburn Rovers,2
,Demba Ba,Senegal, Newcastle United,2
,Leighton Baines,England, Everton FC,2
,Mario Balotelli,Italy, Manchester City,2
,Phil Bardsley,Scotland, Sunderland AFC,2
,Bosingwa,Portugal, Chelsea FC,2
,Ákos Buzsáky,Hungary, Queens Park Rangers,2
,Fraizer Campbell,England, Sunderland AFC,2
,Papiss Demba Cissé,Senegal, Newcastle United,2
,Ciaran Clark,Ireland, Aston Villa,2
,Andrew Crofts,Wales, Norwich City,2
,Kevin Davies,England, Bolton Wanderers,2
,Jermain Defoe,England, Tottenham Hotspur,2
,Mousa Dembélé,Belgium, Fulham FC,2
,Franco Di Santo,Argentina, Wigan Athletic,2
,Graham Dorrans,Scotland, West Bromwich Albion,2
,Didier Drogba,Ivory Coast, Chelsea FC,2
,Dave Edwards,Wales, Wolverhampton Wanderers,2
,Anton Ferdinand,England, Queens Park Rangers,2
,,, Sunderland AFC,
,Steven Fletcher,Scotland, Wolverhampton Wanderers,2
,David Fox,England, Norwich City,2
,Steven Gerrard,England, Liverpool FC,2
,Magaye Gueye,Senegal, Everton FC,2
,Heiðar Helguson,Iceland, Queens Park Rangers,2
,Javier Hernández,Mexico, Manchester United,2
,Clint Hill,England, Queens Park Rangers,2
,Grant Holt,England, Norwich City,2
,Stephen Hunt,Ireland, Wolverhampton Wanderers,2
,Alan Hutton,Scotland, Aston Villa,2
,Phil Jagielka,England, Everton FC,2
,Dong-won Ji,South Korea, Sunderland AFC,2
,Phil Jones,England, Manchester United,2
,Salomon Kalou,Ivory Coast, Chelsea FC,2
,Vincent Kompany,Belgium, Manchester City,2
,Dirk Kuyt,Netherlands, Liverpool FC,2
,Sebastian Larsson,Sweden, Sunderland AFC,2
,Peter Løvenkrands,Denmark, Newcastle United,2
,Shaun Maloney,Scotland, Wigan Athletic,2
,Russell Martin,Scotland, Norwich City,2
,Mikel Arteta,Spain, Arsenal FC,2
,,, Everton FC,
,Ryo Miyaichi,Japan, Arsenal FC,2
,,, Bolton Wanderers,
,Fabrice Muamba,England, Bolton Wanderers,2
,Jonas Olsson,Sweden, West Bromwich Albion,2
,Ramires,Brazil, Chelsea FC,2
,Steven Reid,Ireland, West Bromwich Albion,2
,Bacary Sagna,France, Arsenal FC,2
,Louis Saha,France, Everton FC,2
,,, Tottenham Hotspur,
,Paul Scharner,Austria, West Bromwich Albion,2
,Nicky Shorey,England, West Bromwich Albion,2
,Adel Taarabt,Morocco, Queens Park Rangers,2
,Jerome Thomas,England, West Bromwich Albion,2
,Simon Vukčević,Montenegro, Blackburn Rovers,2
,Stephen Warnock,England, Aston Villa,2
,David Wheater,England, Bolton Wanderers,2
,Dean Whitehead,England, Stoke City,2
182,Anderson,Brazil, Manchester United,1
,Keith Andrews,Ireland, West Bromwich Albion,1
,Nicolas Anelka,France, Chelsea FC,1
,Leon Barnett,England, Norwich City,1
,Yossi Benayoun,Israel, Arsenal FC,1
,,, Chelsea FC,
,Darren Bent,England, Aston Villa,1
,Diniyar Bilyaletdinov,Russia, Everton FC,1
,Jay Bothroyd,England, Queens Park Rangers,1
,Emmerson Boyce,Barbados, Wigan Athletic,1
,Carlos Cuéllar,Spain, Aston Villa,1
,Steven Caulker,England, Swansea City,1
,Tom Cleverley,England, Manchester United,1
,Jack Colback,England, Sunderland AFC,1
,Francis Coquelin,France, Arsenal FC,1
,Simon Cox,Ireland, West Bromwich Albion,1
,Scott Dann,England, Blackburn Rovers,1
,Mahamadou Diarra,Mali, Fulham FC,1
,Johan Djourou,Switzerland, Arsenal FC,1
,David Dunn,England, Blackburn Rovers,1
,Ahmed Elmohamady,Egypt, Sunderland AFC,1
,Michael Essien,Ghana, Chelsea FC,1
,Alejandro Faurlín,Argentina, Queens Park Rangers,1
,Darren Fletcher,Scotland, Manchester United,1
,Mauro Fórmica,Argentina, Blackburn Rovers,1
,Marc-Antoine Fortuné,France, West Bromwich Albion,1
,Emmanuel Frimpong,Ghana, Arsenal FC,1
,,, Wolverhampton Wanderers,
,Zoltán Gera,Hungary, West Bromwich Albion,1
,Darron Gibson,Ireland, Everton FC,1
,,, Manchester United,
,Gaël Givet,France, Blackburn Rovers,1
,Adam Hammill,England, Wolverhampton Wanderers,1
,Jordan Henderson,England, Liverpool FC,1
,Jonny Howson,England, Norwich City,1
,Branislav Ivanović,Serbia, Chelsea FC,1
,Carl Jenkinson,England, Arsenal FC,1
,Cameron Jerome,England, Stoke City,1
,Billy Jones,England, West Bromwich Albion,1
,David Jones,England, Wigan Athletic,1
,Jordi Gómez,Spain, Wigan Athletic,1
,José Enrique,Spain, Liverpool FC,1
,Michael Kightly,England, Wolverhampton Wanderers,1
,Laurent Koscielny,France, Arsenal FC,1
,Niko Kranjčar,Croatia, Tottenham Hotspur,1
,Joleon Lescott,England, Manchester City,1
,Eric Lichaj,USA, Aston Villa,1
,Leroy Lita,England, Swansea City,1
,Jake Livermore,England, Tottenham Hotspur,1
,Shane Long,Ireland, West Bromwich Albion,1
,Jason Lowe,England, Blackburn Rovers,1
,Romelu Lukaku,Belgium, Chelsea FC,1
,Sylvain Marveaux,France, Newcastle United,1
,James McArthur,Scotland, Wigan Athletic,1
,James McCarthy,Ireland, Wigan Athletic,1
,Nenad Milijaš,Serbia, Wolverhampton Wanderers,1
,Kyle Naughton,England, Norwich City,1
,Nedum Onuoha,England, Manchester City,1
,,, Queens Park Rangers,
,Orlandi,Spain, Swansea City,1
,Bradley Orr,England, Blackburn Rovers,1
,,, Queens Park Rangers,
,Alex Oxlade-Chamberlain,England, Arsenal FC,1
,Scott Parker,England, Tottenham Hotspur,1
,Anthony Pilkington,Ireland, Norwich City,1
,David Pizarro,Chile, Manchester City,1
,Tim Ream,USA, Bolton Wanderers,1
,Sam Ricketts,Wales, Bolton Wanderers,1
,Liam Ridgewell,England, West Bromwich Albion,1
,Jason Roberts,Grenada, Blackburn Rovers,1
,Paul Robinson,England, Bolton Wanderers,1
,Paul Robinson,England, Blackburn Rovers,1
,Maxi Rodríguez,Argentina, Liverpool FC,1
,Jack Rodwell,England, Everton FC,1
,Conor Sammon,Ireland, Wigan Athletic,1
,Sandro,Brazil, Tottenham Hotspur,1
,Davide Santon,Italy, Newcastle United,1
,Philippe Senderos,Switzerland, Fulham FC,1
,Ryan Shawcross,England, Stoke City,1
,Ryan Shotton,England, Stoke City,1
,Steven Sidwell,England, Fulham FC,1
,Martin Škrtel,Slovakia, Liverpool FC,1
,Jay Spearing,England, Liverpool FC,1
,Ronnie Stam,Netherlands, Wigan Athletic,1
,Denis Stracqualursi,Argentina, Everton FC,1
,Taye Taïwo,Nigeria, Queens Park Rangers,1
,Neil Taylor,Wales, Swansea City,1
,John Terry,England, Chelsea FC,1
,Michael Turner,England, Sunderland AFC,1
,Matthew Upson,England, Stoke City,1
,David Vaughan,Wales, Sunderland AFC,1
,Thomas Vermaelen,Belgium, Arsenal FC,1
,Sam Vokes,Wales, Wolverhampton Wanderers,1
,Kyle Walker,England, Tottenham Hotspur,1
,Elliott Ward,England, Norwich City,1
,Stephen Ward,Ireland, Wolverhampton Wanderers,1
,Glenn Whelan,Ireland, Stoke City,1
,Zak Whitbread,USA, Norwich City,1
,Aaron Wilbraham,England, Norwich City,1
,Marc Wilson,Ireland, Stoke City,1
